{"2": {"acc_X": {"mean": -0.07740479162575463, "std": 0.5343033072045137}, "acc_Y": {"mean": -0.04565059638375774, "std": 0.4632659545956309}, "acc_Z": {"mean": 0.02541218994184653, "std": 1.017124106303795}, "gyr_X": {"mean": 0.04991267045793881, "std": 5.508729026718897}, "gyr_Y": {"mean": 0.19329504866729633, "std": 5.835455661815294}, "gyr_Z": {"mean": 0.02172364578913043, "std": 7.335775080155805}, "heartRate": {"mean": 76.91158360006465, "std": 37.287505305403634}, "rRInterval": {"mean": 719.9911809838902, "std": 205.81339896547001}}, "8": {"acc_X": {"mean": -0.0850953928717194, "std": 0.3949884243991635}, "acc_Y": {"mean": 0.016234903817932095, "std": 0.49339803718533104}, "acc_Z": {"mean": 0.0020008037716371238, "std": 0.2982161607613874}, "gyr_X": {"mean": 0.013499659163641242, "std": 4.992049295122978}, "gyr_Y": {"mean": 0.05001058881494166, "std": 4.326428229719058}, "gyr_Z": {"mean": -0.07173644678538918, "std": 4.009702150871599}, "heartRate": {"mean": 51.14093382088202, "std": 43.983636478762236}, "rRInterval": {"mean": 641.4522993438326, "std": 385.5320666573568}}, "0": {"acc_X": {"mean": -0.048440933939075295, "std": 9.55237469473406}, "acc_Y": {"mean": 0.07818054431582433, "std": 0.4179387651682867}, "acc_Z": {"mean": -0.05413172496386478, "std": 0.4755626480131258}, "gyr_X": {"mean": -0.022104286782690885, "std": 6.422744574550959}, "gyr_Y": {"mean": 0.116121176780356, "std": 5.249311763286557}, "gyr_Z": {"mean": -0.009221273915754976, "std": 5.362507778972771}, "heartRate": {"mean": 80.50294353467253, "std": 39.6601647168719}, "rRInterval": {"mean": 687.1113597150423, "std": 218.96576478907238}}, "1": {"acc_X": {"mean": -0.10997362242580694, "std": 0.7058907120698802}, "acc_Y": {"mean": 0.09147887657910124, "std": 0.5197327561841306}, "acc_Z": {"mean": -0.10899774189309082, "std": 0.4518665285638489}, "gyr_X": {"mean": 0.08776794049723474, "std": 7.539833390757674}, "gyr_Y": {"mean": 0.10356399750790797, "std": 5.585229424425513}, "gyr_Z": {"mean": -0.03976771107317502, "std": 6.321834138993106}, "heartRate": {"mean": 82.6555533299491, "std": 30.416062624724187}, "rRInterval": {"mean": 840.3548580496051, "std": 219.2047892267108}}, "9": {"acc_X": {"mean": -0.14136787738247256, "std": 0.5426113879587267}, "acc_Y": {"mean": 0.023768131889762057, "std": 0.4689673054625551}, "acc_Z": {"mean": -0.012439029132779127, "std": 0.4406461071283258}, "gyr_X": {"mean": -0.03419923962560961, "std": 8.348854037356908}, "gyr_Y": {"mean": 0.29665035106841764, "std": 6.749337848374998}, "gyr_Z": {"mean": 0.04557008292909999, "std": 6.504126240479325}, "heartRate": {"mean": 88.81403669694498, "std": 21.499448769234718}, "rRInterval": {"mean": 713.7407634794719, "std": 158.07935502391476}}, "5": {"acc_X": {"mean": -0.10273361268933424, "std": 0.6690189783109256}, "acc_Y": {"mean": -0.004094247613722982, "std": 0.42740236057568937}, "acc_Z": {"mean": 0.05233723099241764, "std": 3.1957801219838227}, "gyr_X": {"mean": 0.13855119924909468, "std": 5.481149317239829}, "gyr_Y": {"mean": -0.1075337870131346, "std": 3.981962705961871}, "gyr_Z": {"mean": 0.05803836175868217, "std": 57.86694218699615}, "heartRate": {"mean": 73.2514684077721, "std": 21.377218454198236}, "rRInterval": {"mean": 907.002603854491, "std": 186.34437718637585}}, "7": {"acc_X": {"mean": -0.09319438383430002, "std": 1.0549163715363512}, "acc_Y": {"mean": -0.1318285128188079, "std": 0.7824211155774202}, "acc_Z": {"mean": 0.0581258162208312, "std": 2.8133538480466758}, "gyr_X": {"mean": 2.2043800008858794, "std": 92.648168681159}, "gyr_Y": {"mean": -0.47524791633864766, "std": 12.29713208371014}, "gyr_Z": {"mean": 0.04163716593449852, "std": 89.8694566892467}, "heartRate": {"mean": 72.3729479198667, "std": 20.268623292508792}, "rRInterval": {"mean": 861.8180264035229, "std": 191.6807804814167}}, "6": {"acc_X": {"mean": -0.02092114265507649, "std": 0.4154525036337986}, "acc_Y": {"mean": -0.014012288149161977, "std": 0.3781170387917316}, "acc_Z": {"mean": 0.053518889409039976, "std": 0.30976595106201094}, "gyr_X": {"mean": 0.06170811909847024, "std": 4.959383620928154}, "gyr_Y": {"mean": 0.05460819371298155, "std": 4.12906968431291}, "gyr_Z": {"mean": 0.06711260025394976, "std": 4.114395839546679}, "heartRate": {"mean": 72.66138217353134, "std": 29.686907125119014}, "rRInterval": {"mean": 829.1710687354415, "std": 268.86139018980003}}, "4": {"acc_X": {"mean": -0.10977938591748378, "std": 0.5849905651281385}, "acc_Y": {"mean": 0.09671424934674658, "std": 0.42242881138851734}, "acc_Z": {"mean": 0.01227884443702697, "std": 0.39596732436439214}, "gyr_X": {"mean": 0.05048087384967409, "std": 6.405825547399702}, "gyr_Y": {"mean": 0.026655853000925794, "std": 5.303059696431313}, "gyr_Z": {"mean": -0.016025140677655692, "std": 5.184809574545775}, "heartRate": {"mean": 77.04926626391975, "std": 27.502978136510016}, "rRInterval": {"mean": 890.2228859012833, "std": 214.60999275381027}}, "3": {"acc_X": {"mean": -0.22596949728009436, "std": 1.4858015668008786}, "acc_Y": {"mean": -0.06796499415827657, "std": 4.585748126660567}, "acc_Z": {"mean": 0.07151734662930911, "std": 0.3360983510393319}, "gyr_X": {"mean": 0.03623044481526213, "std": 5.547699728914393}, "gyr_Y": {"mean": -0.13753716699566793, "std": 4.168085396206269}, "gyr_Z": {"mean": 0.12295767572916634, "std": 7.9929711279947835}, "heartRate": {"mean": 85.51817947300428, "std": 24.432683891364164}, "rRInterval": {"mean": 784.9783992496891, "std": 144.53229810610463}}}