{"2": {"mean_acc_norm": {"mean": 0.37836065370562766, "std": 0.48172649892795943}, "mean_gyr_norm": {"mean": 4.079829738636508, "std": 5.289492640062604}, "mean_hrv": {"mean": 88.82698327388529, "std": 21.611839013088396}, "mean_rr": {"mean": 739.9707913392414, "std": 135.17721470839226}, "poincare_major_axis": {"mean": 86.05909905063322, "std": 74.9634585577825}, "lombscargle_power_low": {"mean": 0.051228465475909715, "std": 0.06727659307063266}, "lombscargle_power_high": {"mean": 0.02419780032443267, "std": 0.04814783897344349}, "sin_time_encoding": {"mean": 0.04758090247706465, "std": 0.7119531356255947}, "cos_time_encoding": {"mean": 0.040035598141359444, "std": 0.699489095032632}, "validity_percentage": {"mean": 0.9999985417638824, "std": 0.00020126006485259967}}, "8": {"mean_acc_norm": {"mean": 0.27422670202427935, "std": 0.3376043058172205}, "mean_gyr_norm": {"mean": 3.006970575093071, "std": 4.460798328356243}, "mean_hrv": {"mean": 78.98740554985051, "std": 24.526628366748113}, "mean_rr": {"mean": 812.5769619016444, "std": 191.36057589755518}, "poincare_major_axis": {"mean": 101.32567809302216, "std": 71.77526074758343}, "lombscargle_power_low": {"mean": 0.029519450940848593, "std": 0.05545572028226073}, "lombscargle_power_high": {"mean": 0.027169405275234444, "std": 0.05499926810212294}, "sin_time_encoding": {"mean": -0.0009463149945793854, "std": 0.7217757401178787}, "cos_time_encoding": {"mean": -0.0369829766966859, "std": 0.6911880996005297}, "validity_percentage": {"mean": 0.9999930065039513, "std": 0.0008362712507715705}}, "0": {"mean_acc_norm": {"mean": 0.4492583159129547, "std": 0.34005401869777474}, "mean_gyr_norm": {"mean": 4.907116253390253, "std": 4.980453298694204}, "mean_hrv": {"mean": 93.27768603322733, "std": 20.75689457114037}, "mean_rr": {"mean": 716.6689347724814, "std": 107.75034299181922}, "poincare_major_axis": {"mean": 120.23269369806484, "std": 78.82594733558274}, "lombscargle_power_low": {"mean": 0.025426665445425017, "std": 0.03974236795764312}, "lombscargle_power_high": {"mean": 0.020251353599304887, "std": 0.03642963540919132}, "sin_time_encoding": {"mean": -0.017579049437362833, "std": 0.6913092266684676}, "cos_time_encoding": {"mean": 0.014055654788412239, "std": 0.7222261633069301}, "validity_percentage": {"mean": 0.999998716269994, "std": 0.00018883440995755835}}, "1": {"mean_acc_norm": {"mean": 0.5381208647534319, "std": 0.45389604136699957}, "mean_gyr_norm": {"mean": 6.442623010025695, "std": 5.820274039249688}, "mean_hrv": {"mean": 85.24664425716942, "std": 25.7066541927588}, "mean_rr": {"mean": 851.3211539863485, "std": 159.62169622273257}, "poincare_major_axis": {"mean": 113.64628871833864, "std": 58.60578487980335}, "lombscargle_power_low": {"mean": 0.015981630036269873, "std": 0.018524629735816797}, "lombscargle_power_high": {"mean": 0.014367468002696848, "std": 0.017316039614625908}, "sin_time_encoding": {"mean": 0.0568405660400091, "std": 0.6784912297556454}, "cos_time_encoding": {"mean": -0.00685872412841888, "std": 0.7323931548959794}, "validity_percentage": {"mean": 0.9999981289700917, "std": 0.0001765820097532722}}, "9": {"mean_acc_norm": {"mean": 0.4846786305433228, "std": 0.3840024955591947}, "mean_gyr_norm": {"mean": 7.264104268090834, "std": 5.950726101539467}, "mean_hrv": {"mean": 91.96896436829758, "std": 12.27697202365955}, "mean_rr": {"mean": 729.4602912659992, "std": 65.77074537618422}, "poincare_major_axis": {"mean": 91.27660054814555, "std": 49.75668030686706}, "lombscargle_power_low": {"mean": 0.033335169019516296, "std": 0.043630338177100686}, "lombscargle_power_high": {"mean": 0.01451529891968894, "std": 0.01640558415126556}, "sin_time_encoding": {"mean": 0.057298119228888396, "std": 0.7122033416814965}, "cos_time_encoding": {"mean": -0.06683166261469797, "std": 0.6964553675780144}, "validity_percentage": {"mean": 1.0, "std": 0.0}}, "5": {"mean_acc_norm": {"mean": 0.3919939001403914, "std": 0.5742395121489304}, "mean_gyr_norm": {"mean": 3.0945691060222362, "std": 4.476074518120162}, "mean_hrv": {"mean": 74.02365464418334, "std": 19.269211292891836}, "mean_rr": {"mean": 908.3870203444592, "std": 151.3486976287458}, "poincare_major_axis": {"mean": 99.8328692994278, "std": 59.2489952030752}, "lombscargle_power_low": {"mean": 0.017678116609947045, "std": 0.016019916257182115}, "lombscargle_power_high": {"mean": 0.01346413852600235, "std": 0.00857088016973659}, "sin_time_encoding": {"mean": 0.01406471062646128, "std": 0.7139295299178577}, "cos_time_encoding": {"mean": 0.15579509067620623, "std": 0.6825385840143154}, "validity_percentage": {"mean": 0.9999946211199655, "std": 0.0005692900099944988}}, "7": {"mean_acc_norm": {"mean": 0.46489048757038537, "std": 0.8034382029492227}, "mean_gyr_norm": {"mean": 4.581846854247024, "std": 21.826157977257036}, "mean_hrv": {"mean": 73.97615619043619, "std": 16.309353404255596}, "mean_rr": {"mean": 872.9665404103816, "std": 144.07947159416986}, "poincare_major_axis": {"mean": 74.7810789751841, "std": 49.78877641908516}, "lombscargle_power_low": {"mean": 0.025254979262025967, "std": 0.029265340423128002}, "lombscargle_power_high": {"mean": 0.01469647998355631, "std": 0.02026340925924168}, "sin_time_encoding": {"mean": 0.04622212385913561, "std": 0.705184297402891}, "cos_time_encoding": {"mean": 0.03302015754054444, "std": 0.7067622684165731}, "validity_percentage": {"mean": 0.9999982995154317, "std": 0.00017136154329322307}}, "6": {"mean_acc_norm": {"mean": 0.3485568434342798, "std": 0.3444100237186373}, "mean_gyr_norm": {"mean": 3.2946515726971595, "std": 4.100506309945307}, "mean_hrv": {"mean": 78.00466486269173, "std": 22.04609947915412}, "mean_rr": {"mean": 871.8482284387316, "std": 165.20357178521797}, "poincare_major_axis": {"mean": 103.42387650845613, "std": 57.8732957897078}, "lombscargle_power_low": {"mean": 0.019472446831092137, "std": 0.027133216505162094}, "lombscargle_power_high": {"mean": 0.01493811199544768, "std": 0.022270892904831682}, "sin_time_encoding": {"mean": 0.021479558006267677, "std": 0.7039378267858111}, "cos_time_encoding": {"mean": 0.020257339906998503, "std": 0.709667472500587}, "validity_percentage": {"mean": 1.0, "std": 0.0}}, "4": {"mean_acc_norm": {"mean": 0.43267855178937026, "std": 0.37441734144983135}, "mean_gyr_norm": {"mean": 4.74154172661302, "std": 5.353866255188093}, "mean_hrv": {"mean": 78.08373034578923, "std": 25.281805261346392}, "mean_rr": {"mean": 895.4200523662679, "std": 168.8594562257102}, "poincare_major_axis": {"mean": 111.56934080846831, "std": 55.24935200227759}, "lombscargle_power_low": {"mean": 0.015971287423809124, "std": 0.015642981985709913}, "lombscargle_power_high": {"mean": 0.014117434861435475, "std": 0.01324551089009298}, "sin_time_encoding": {"mean": 0.05365820958320062, "std": 0.7036002147213833}, "cos_time_encoding": {"mean": 0.026565895604341062, "std": 0.7080894866973726}, "validity_percentage": {"mean": 0.9999893531558214, "std": 0.0018006745387411558}}, "3": {"mean_acc_norm": {"mean": 0.49524584350112966, "std": 0.6125656000261054}, "mean_gyr_norm": {"mean": 3.5500441075066367, "std": 4.438475593764493}, "mean_hrv": {"mean": 86.84266891710931, "std": 21.231959957424728}, "mean_rr": {"mean": 786.4892806495707, "std": 100.66685230663519}, "poincare_major_axis": {"mean": 90.9509910037258, "std": 55.03046312869058}, "lombscargle_power_low": {"mean": 0.019960142381010897, "std": 0.021300368935929452}, "lombscargle_power_high": {"mean": 0.014163675656090799, "std": 0.014646057554011924}, "sin_time_encoding": {"mean": 0.05428263513003477, "std": 0.7114538659321394}, "cos_time_encoding": {"mean": -0.03093740143347733, "std": 0.6999695363223011}, "validity_percentage": {"mean": 0.9999981473247369, "std": 0.0002778372103240495}}}